Report ID:  SR201,Loyola University Chicago,Page No.,1,of,33
Schedule of Classes for Fall 2019,Run Date:,03/21/2019
Campus: Lake Shore Campus   Location: Lake Shore Campus,Run Time:,14:08:57
Regular Academic Session
College of Arts and Sciences - Computer Science - Subject: Computer Science

____________________________________________________________________________________________________________________________________________________________,Subject,Catalog Nbr,Section,Class Nbr,Course Title,Component,Units,Topics
COMP, 111,001,5614,History of Computing,Lecture,3,,
,,,,,,(In person)
Bldg:,Crown Center,Room:,103,Days:,TuTh,Time:,11:30AM-12:45,Instructor:,Staff
Class Enrl Cap:,1,Class Enrl Tot:,0,Class Wait Cap:,0,Class Wait Tot:,0,Class Min Enrl:,0
Class Equivalents:,X - COMP 111 / HIST 279C
Room Characteristics:,Lab - Computer(1)

"Taught in a blended format, this course will involve independent study of online lectures combined with in-class discussion of these materials."
____________________________________________________________________________________________________________________________________________________________,
COMP, 125,001,2937,Visual Information Processing,Laboratory,3,,
,,,,,,(In person)
Bldg:,Crown Center,Room:,105,Days:,Th,Time:,06:30PM-09:00,Instructor:,"Durston,Jonathan"
Class Enrl Cap:,24,Class Enrl Tot:,0,Class Wait Cap:,0,Class Wait Tot:,0,Class Min Enrl:,0
Attributes:,Quantitative Knowledge
Room Characteristics:,Lab - Computer(1)
Combined Section ID:,1920(COMP125-001/DIGH401-125), -,DIGH 401(#4510)

This course is restricted to undergraduate students.  Graduate students wishing to enroll in a section of this course should contact their departmental
graduate advisor.
____________________________________________________________________________________________________________________________________________________________,
COMP, 125,002,4593,Visual Information Processing,Laboratory,3,,
,,,,,,(In person)
Bldg:,Crown Center,Room:,105,Days:,Tu,Time:,06:00PM-08:30,Instructor:,"Nguyen,Vincent"
Class Enrl Cap:,24,Class Enrl Tot:,0,Class Wait Cap:,0,Class Wait Tot:,0,Class Min Enrl:,0
Attributes:,Quantitative Knowledge
Room Characteristics:,Lab - Computer(1)
Combined Section ID:,1924(COMP125-002/DIGH 401-126), -,DIGH 401(#4594)

This course is restricted to undergraduate students.  Graduate students wishing to enroll in a section of this course should contact their departmental
graduate advisor.
____________________________________________________________________________________________________________________________________________________________,
COMP, 163,003,4297,Discrete Structures,Lecture,3,,
,,,,,,(In person)
Bldg:,TBA,Room:,TBA,Days:,TuTh,Time:,10:00AM-11:15,Instructor:,"Thiruvathukal,George"
Class Enrl Cap:,30,Class Enrl Tot:,0,Class Wait Cap:,0,Class Wait Tot:,0,Class Min Enrl:,0
Attributes:,"Quantitative Knowledge, Bioinformatics"
Class Equivalents:,COMP211/COMP163
Room Characteristics:,Electronic Classroom(1)
,,,,
This course is primarily intended to serve certain majors and minors.  Students wishing to satisfy Core requirements in the Quantitative Analysis knowledge
area are encouraged to enroll in COMP 125 or COMP 150 instead.



This course is restricted to undergraduate students.  Graduate students wishing to enroll in a section of this course should contact their departmental
graduate advisor.
____________________________________________________________________________________________________________________________________________________________,
COMP, 163,004,5640,Discrete Structures,Lecture,3,,
,,,,,,(In person)
Bldg:,Mundelein Center,Room:,0605,Days:,TuTh,Time:,02:30PM-03:45,Instructor:,"Klingensmith,Neil"
Class Enrl Cap:,30,Class Enrl Tot:,0,Class Wait Cap:,0,Class Wait Tot:,0,Class Min Enrl:,0
Attributes:,"Quantitative Knowledge, Bioinformatics"
Class Equivalents:,COMP211/COMP163
Room Characteristics:,Electronic Classroom(1)
,,,,
This course is primarily intended to serve certain majors and minors.  Students wishing to satisfy Core requirements in the Quantitative Analysis knowledge
area are encouraged to enroll in COMP 125 or COMP 150 instead.



This course is restricted to undergraduate students.  Graduate students wishing to enroll in a section of this course should contact their departmental
graduate advisor.
____________________________________________________________________________________________________________________________________________________________,
COMP, 163,005,5641,Discrete Structures,Lecture,3,,
,,,,,,(In person)
Bldg:,Cuneo Hall,Room:,103,Days:,TuTh,Time:,04:15PM-05:30,Instructor:,"Klingensmith,Neil"
Class Enrl Cap:,30,Class Enrl Tot:,0,Class Wait Cap:,0,Class Wait Tot:,0,Class Min Enrl:,0
Attributes:,"Quantitative Knowledge, Bioinformatics"
Class Equivalents:,COMP211/COMP163
Room Characteristics:,Electronic Classroom(1)
,,,,
This course is primarily intended to serve certain majors and minors.  Students wishing to satisfy Core requirements in the Quantitative Analysis knowledge
area are encouraged to enroll in COMP 125 or COMP 150 instead.



This course is restricted to undergraduate students.  Graduate students wishing to enroll in a section of this course should contact their departmental
graduate advisor.
____________________________________________________________________________________________________________________________________________________________,
COMP, 170,001,2941,Intro Obj-Oriented Prog,Lecture,3,,
,,,,,,(In person)
Bldg:,Cuneo Hall,Room:,311,Days:,MWF,Time:,11:30AM-12:20,Instructor:,"Chan-Tin,David Eric"
Class Enrl Cap:,30,Class Enrl Tot:,0,Class Wait Cap:,0,Class Wait Tot:,0,Class Min Enrl:,0
Attributes:,Bioinformatics
Class Equivalents:,COMP170/ISOM/INFS370
Room Characteristics:,Electronic Classroom(1)
,,,,
This course is restricted to students in the College of Arts and Sciences.  Students from other schools specifically wishing to enroll in COMP 170 should
contact the Computer Science Department to request an enrollment override.



Students enrolled in COMP 170-001 (Lecture) will be automatically enrolled in COMP 170-01L (Lab).



This course is restricted to undergraduate students.  Graduate students wishing to enroll in a section of this course should contact their departmental
graduate advisor.
____________________________________________________________________________________________________________________________________________________________,
,,,,,,,,
Report ID:  SR201,Loyola University Chicago,Page No.,3,of,33
Schedule of Classes for Fall 2019,Run Date:,03/21/2019
Campus: Lake Shore Campus   Location: Lake Shore Campus,Run Time:,14:08:57
Regular Academic Session
College of Arts and Sciences - Computer Science - Subject: Computer Science

____________________________________________________________________________________________________________________________________________________________,Subject,Catalog Nbr,Section,Class Nbr,Course Title,Component,Units,Topics
COMP, 170,002,2942,Intro Obj-Oriented Prog,Lecture,3,,
,,,,,,(In person)
Bldg:,Cuneo Hall,Room:,311,Days:,TuTh,Time:,11:30AM-12:45,Instructor:,"Yacobellis,Robert"
Class Enrl Cap:,30,Class Enrl Tot:,0,Class Wait Cap:,0,Class Wait Tot:,0,Class Min Enrl:,0
Attributes:,Bioinformatics
Class Equivalents:,COMP170/ISOM/INFS370
Room Characteristics:,Electronic Classroom(1)
,,,,
This course is restricted to students in the College of Arts and Sciences.  Students from other schools specifically wishing to enroll in COMP 170 should
contact the Computer Science Department to request an enrollment override.



Students enrolled in COMP 170-002 (Lecture) will be automatically enrolled in COMP 170-02L (Lab).



This course is restricted to undergraduate students.  Graduate students wishing to enroll in a section of this course should contact their departmental
graduate advisor.
____________________________________________________________________________________________________________________________________________________________,
COMP, 170,003,5342,Intro Obj-Oriented Prog,Lecture,3,,
,,,,,,(In person)
Bldg:,Cuneo Hall,Room:,311,Days:,TuTh,Time:,01:00PM-02:15,Instructor:,"Dligach,Dmitriy"
Class Enrl Cap:,30,Class Enrl Tot:,0,Class Wait Cap:,0,Class Wait Tot:,0,Class Min Enrl:,0
Attributes:,Bioinformatics
Class Equivalents:,COMP170/ISOM/INFS370
Room Characteristics:,Electronic Classroom(1)
,,,,
This course is restricted to students in the College of Arts and Sciences.  Students from other schools specifically wishing to enroll in COMP 170 should
contact the Computer Science Department to request an enrollment override.



Students enrolled in COMP 170-003 (Lecture) will be automatically enrolled in COMP 170-03L (Lab).



This course is restricted to undergraduate students.  Graduate students wishing to enroll in a section of this course should contact their departmental
graduate advisor.
____________________________________________________________________________________________________________________________________________________________,
COMP, 170,004,3378,Intro Obj-Oriented Prog,Lecture,3,,
,,,,,,(In person)
Bldg:,Cuneo Hall,Room:,311,Days:,MWF,Time:,10:25AM-11:15,Instructor:,"Honig,William"
Class Enrl Cap:,30,Class Enrl Tot:,0,Class Wait Cap:,0,Class Wait Tot:,0,Class Min Enrl:,0
Attributes:,Bioinformatics
Class Equivalents:,COMP170/ISOM/INFS370
Room Characteristics:,Electronic Classroom(1)
,,,,
This course is restricted to undergraduate students in the College of Arts and Sciences.  Students from other schools specifically wishing to enroll in COMP
170 should contact the Computer Science Department to request an enrollment override.



Students enrolled in COMP 170-004 (Lecture) will be automatically enrolled in COMP 170-04L (Lab).



This course is restricted to undergraduate students.  Graduate students wishing to enroll in a section of this course should contact their departmental
graduate advisor.
____________________________________________________________________________________________________________________________________________________________,
COMP, 170,005,6540,Intro Obj-Oriented Prog,Lecture,3,,
,,,,,,(In person)
Bldg:,Cuneo Hall,Room:,312,Days:,TuTh,Time:,04:15PM-06:00,Instructor:,"Yacobellis,Robert"
Class Enrl Cap:,30,Class Enrl Tot:,0,Class Wait Cap:,0,Class Wait Tot:,0,Class Min Enrl:,0
Attributes:,Bioinformatics
Class Equivalents:,COMP170/ISOM/INFS370
Room Characteristics:,Electronic Classroom(1)
,,,,
This course is restricted to undergraduate students in the College of Arts and Sciences.  Students from other schools specifically wishing to enroll in COMP
170 should contact the Computer Science Department to request an enrollment override.



This course is restricted to undergraduate students.  Graduate students wishing to enroll in a section of this course should contact their departmental
graduate advisor.
____________________________________________________________________________________________________________________________________________________________,
COMP, 170,01L,4374,Intro Obj-Oriented Prog,Laboratory,3,,
,,,,,,(In person)
Bldg:,Cuneo Hall,Room:,311,Days:,M,Time:,12:35PM-01:25,Instructor:,"Chan-Tin,David Eric"
Class Enrl Cap:,30,Class Enrl Tot:,0,Class Wait Cap:,0,Class Wait Tot:,0,Class Min Enrl:,0
Attributes:,Bioinformatics
Class Equivalents:,COMP170/ISOM/INFS370
Room Characteristics:,Electronic Classroom(1)
,,,,
This course is restricted to undergraduate students in the College of Arts and Sciences.  Students from other schools specifically wishing to enroll in COMP
170 should contact the Computer Science Department to request an enrollment override.



Students enrolled in COMP 170-001 (Lecture) will be automatically enrolled in COMP 170-01L (Lab).



This course is restricted to undergraduate students.  Graduate students wishing to enroll in a section of this course should contact their departmental
graduate advisor.
____________________________________________________________________________________________________________________________________________________________,
COMP, 170,02L,5343,Intro Obj-Oriented Prog,Laboratory,3,,
,,,,,,(In person)
Bldg:,Cuneo Hall,Room:,311,Days:,Th,Time:,10:00AM-11:15,Instructor:,"Yacobellis,Robert"
Class Enrl Cap:,30,Class Enrl Tot:,0,Class Wait Cap:,0,Class Wait Tot:,0,Class Min Enrl:,0
Attributes:,Bioinformatics
Class Equivalents:,COMP170/ISOM/INFS370
Room Characteristics:,Electronic Classroom(1)
,,,,
This course is restricted to undergraduate students in the College of Arts and Sciences.  Students from other schools specifically wishing to enroll in COMP
170 should contact the Computer Science Department to request an enrollment override.



Students enrolled in COMP 170-002 (Lecture) will be automatically enrolled in COMP 170-02L (Lab).



This course is restricted to undergraduate students.  Graduate students wishing to enroll in a section of this course should contact their departmental
graduate advisor.
____________________________________________________________________________________________________________________________________________________________,
,,,,,,,,
Report ID:  SR201,Loyola University Chicago,Page No.,5,of,33
Schedule of Classes for Fall 2019,Run Date:,03/21/2019
Campus: Lake Shore Campus   Location: Lake Shore Campus,Run Time:,14:08:57
Regular Academic Session
College of Arts and Sciences - Computer Science - Subject: Computer Science

____________________________________________________________________________________________________________________________________________________________,Subject,Catalog Nbr,Section,Class Nbr,Course Title,Component,Units,Topics
COMP, 170,03L,5344,Intro Obj-Oriented Prog,Laboratory,3,,
,,,,,,(In person)
Bldg:,Cuneo Hall,Room:,312,Days:,Th,Time:,02:30PM-03:45,Instructor:,"Dligach,Dmitriy"
Class Enrl Cap:,30,Class Enrl Tot:,0,Class Wait Cap:,0,Class Wait Tot:,0,Class Min Enrl:,0
Attributes:,Bioinformatics
Class Equivalents:,COMP170/ISOM/INFS370
Room Characteristics:,Electronic Classroom(1)
,,,,
This course is restricted to undergraduate students in the College of Arts and Sciences.  Students from other schools specifically wishing to enroll in COMP
170 should contact the Computer Science Department to request an enrollment override.



Students enrolled in COMP 170-003 (Lecture) will be automatically enrolled in COMP 170-03L (Lab).



This course is restricted to undergraduate students.  Graduate students wishing to enroll in a section of this course should contact their departmental
graduate advisor.
____________________________________________________________________________________________________________________________________________________________,
COMP, 170,04L,5345,Intro Obj-Oriented Prog,Laboratory,3,,
,,,,,,(In person)
Bldg:,Cuneo Hall,Room:,312,Days:,W,Time:,11:30AM-12:20,Instructor:,"Honig,William"
Class Enrl Cap:,30,Class Enrl Tot:,0,Class Wait Cap:,0,Class Wait Tot:,0,Class Min Enrl:,0
Attributes:,Bioinformatics
Class Equivalents:,COMP170/ISOM/INFS370
Room Characteristics:,Electronic Classroom(1)
,,,,
This course is restricted to undergraduate students in the College of Arts and Sciences.  Students from other schools specifically wishing to enroll in COMP
170 should contact the Computer Science Department to request an enrollment override.



Students enrolled in COMP 170-004 (Lecture) will be automatically enrolled in COMP 170-04L (Lab).



This course is restricted to undergraduate students.  Graduate students wishing to enroll in a section of this course should contact their departmental
graduate advisor.
____________________________________________________________________________________________________________________________________________________________,
COMP, 180,001,5277,Computing & Data for Sciences,Lecture,3,,
,,,,,,(In person)
Bldg:,Crown Center,Room:,103,Days:,MWF,Time:,09:20AM-10:10,Instructor:,"Xiao,Ting"
Class Enrl Cap:,35,Class Enrl Tot:,0,Class Wait Cap:,0,Class Wait Tot:,0,Class Min Enrl:,0
Attributes:,Neuroscience
Room Characteristics:,Lab - Computer(1)
____________________________________________________________________________________________________________________________________________________________,
,,,,,,,,
Report ID:  SR201,Loyola University Chicago,Page No.,6,of,33
Schedule of Classes for Fall 2019,Run Date:,03/21/2019
Campus: Lake Shore Campus   Location: Lake Shore Campus,Run Time:,14:08:57
Regular Academic Session
College of Arts and Sciences - Computer Science - Subject: Computer Science

____________________________________________________________________________________________________________________________________________________________,Subject,Catalog Nbr,Section,Class Nbr,Course Title,Component,Units,Topics
COMP, 215,001,6446,Object-Oriented Prog-Math,Lecture,3,,
,,,,,,(In person)
Bldg:,Crown Center,Room:,103,Days:,MWF,Time:,12:35PM-01:25,Instructor:,"Doty,Stephen"
Class Enrl Cap:,1,Class Enrl Tot:,0,Class Wait Cap:,0,Class Wait Tot:,0,Class Min Enrl:,0
Class Equivalents:,X-COMP215/MATH215
Room Characteristics:,Lab - Computer(1)
Combined Section ID:,0011(X-COMP215-001/MATH215-001), -,MATH 215(#6445)

COMP 215 is cross-listed with MATH 215. Please register for MATH 215.
____________________________________________________________________________________________________________________________________________________________,
COMP, 250,01W,3074,Intro Sci and Tech Comm,Lecture,3,,
,,,,,,(In person)
Bldg:,Cuneo Hall,Room:,302,Days:,MW,Time:,02:45PM-04:00,Instructor:,"Schwab,Roxanne"
Class Enrl Cap:,19,Class Enrl Tot:,0,Class Wait Cap:,0,Class Wait Tot:,0,Class Min Enrl:,0
Room Characteristics:,Electronic Classroom(1)
,,,,
*This is a writing intensive course.*



This course is restricted to undergraduate students.  Graduate students wishing to enroll in a section of this course should contact their departmental
graduate advisor.
____________________________________________________________________________________________________________________________________________________________,
COMP, 251,001,3026,Intro to Database Systems,Lecture,3,,
,,,,,,(In person)
Bldg:,Cuneo Hall,Room:,117,Days:,M,Time:,07:00PM-09:30,Instructor:,"Bevente,Guy"
Class Enrl Cap:,35,Class Enrl Tot:,0,Class Wait Cap:,0,Class Wait Tot:,0,Class Min Enrl:,0
Class Equivalents:,COMP 251 / COMP 368
Room Characteristics:,Electronic Classroom(1)
,,,,
This course is restricted to undergraduate students.



Graduate students wishing to enroll in a section of this course should contact their departmental graduate advisor.
____________________________________________________________________________________________________________________________________________________________,
COMP, 264,001,3220,Intro to Computer Systems,Lecture,3,,
,,,,,,(Blended)
Bldg:,Inst for Environment,Room:,111,Days:,MWF,Time:,10:25AM-11:15,Instructor:,"Greenberg,Ronald I"
Class Enrl Cap:,40,Class Enrl Tot:,0,Class Wait Cap:,0,Class Wait Tot:,0,Class Min Enrl:,0
Room Characteristics:,Electronic Classroom(1)
,,,,
This is a blended class.  More details will be forthcoming.



This course is restricted to undergraduate students.



Graduate students wishing to enroll in a section of this course should contact their departmental graduate advisor.
____________________________________________________________________________________________________________________________________________________________,
COMP, 271,001,5346,Data Structs and Apps,Lecture,3,,
,,,,,,(In person)
Bldg:,Mundelein Center,Room:,0519,Days:,TuTh,Time:,02:30PM-04:05,Instructor:,"Sekharan,Chandra N"
Class Enrl Cap:,30,Class Enrl Tot:,0,Class Wait Cap:,0,Class Wait Tot:,0,Class Min Enrl:,0
Attributes:,Bioinformatics
Room Characteristics:,Electronic Classroom(1)
,,,,
This course is restricted to undergraduate students.  Graduate students wishing to enroll in a section of this course should contact their departmental
graduate advisor.
____________________________________________________________________________________________________________________________________________________________,
COMP, 271,003,5347,Data Structs and Apps,Lecture,3,,
,,,,,,(In person)
Bldg:,Cuneo Hall,Room:,311,Days:,MWF,Time:,01:40PM-02:30,Instructor:,"Albert,Mark"
Class Enrl Cap:,30,Class Enrl Tot:,0,Class Wait Cap:,0,Class Wait Tot:,0,Class Min Enrl:,0
Attributes:,Bioinformatics
Room Characteristics:,Electronic Classroom(1)
,,,,
This course is restricted to undergraduate students.  Graduate students wishing to enroll in a section of this course should contact their departmental
graduate advisor.



Students enrolled in COMP 271-003 (Lecture) will be automatically enrolled in COMP 271-03L (Lab).
____________________________________________________________________________________________________________________________________________________________,
COMP, 271,03L,5349,Data Structs and Apps,Laboratory,3,,
,,,,,,(In person)
Bldg:,Cuneo Hall,Room:,311,Days:,W,Time:,12:35PM-01:25,Instructor:,"Albert,Mark"
Class Enrl Cap:,30,Class Enrl Tot:,0,Class Wait Cap:,0,Class Wait Tot:,0,Class Min Enrl:,0
Attributes:,Bioinformatics
Room Characteristics:,Electronic Classroom(1)
,,,,
This course is restricted to undergraduate students.  Graduate students wishing to enroll in a section of this course should contact their departmental
graduate advisor.



Students enrolled in COMP 271-003 (Lecture) will be automatically enrolled in COMP 271-03L (Lab).
____________________________________________________________________________________________________________________________________________________________,
COMP, 310,001,6312,Intro to Operatng Systms,Lecture,3,,
,,,,,,(In person)
Bldg:,Mundelein Center,Room:,0407,Days:,TuTh,Time:,02:30PM-03:45,Instructor:,"Thiruvathukal,George"
Class Enrl Cap:,35,Class Enrl Tot:,0,Class Wait Cap:,0,Class Wait Tot:,0,Class Min Enrl:,0
Room Characteristics:,Electronic Classroom(1)
Combined Section ID:,1982(COMP 410-001/COMP 310-001), -,COMP 410(#6313)

Combined with COMP 410-001.
____________________________________________________________________________________________________________________________________________________________,
,,,,,,,,
Report ID:  SR201,Loyola University Chicago,Page No.,8,of,33
Schedule of Classes for Fall 2019,Run Date:,03/21/2019
Campus: Lake Shore Campus   Location: Lake Shore Campus,Run Time:,14:08:57
Regular Academic Session
College of Arts and Sciences - Computer Science - Subject: Computer Science

____________________________________________________________________________________________________________________________________________________________,Subject,Catalog Nbr,Section,Class Nbr,Course Title,Component,Units,Topics
COMP, 313,001,3300,Intermed Obj-Orient Devel,Lecture,3,,
,,,,,,(In person)
Bldg:,Cuneo Hall,Room:,312,Days:,TuTh,Time:,01:00PM-02:15,Instructor:,"Yacobellis,Robert"
Class Enrl Cap:,35,Class Enrl Tot:,0,Class Wait Cap:,0,Class Wait Tot:,0,Class Min Enrl:,0
Class Equivalents:,COMP272/COMP313
Room Characteristics:,Electronic Classroom(1)
Combined Section ID:,1991(COMP 313-002/COMP 413-001), -,COMP 413(#6273)

Combined with COMP 413-001.
____________________________________________________________________________________________________________________________________________________________,
COMP, 313,002,6311,Intermed Obj-Orient Devel,Lecture,3,,
,,,,,,(In person)
Bldg:,Cuneo Hall,Room:,311,Days:,Th,Time:,04:15PM-06:45,Instructor:,"Laufer,Konstantin"
Class Enrl Cap:,35,Class Enrl Tot:,0,Class Wait Cap:,0,Class Wait Tot:,0,Class Min Enrl:,0
Class Equivalents:,COMP272/COMP313
Room Characteristics:,Electronic Classroom(1)
____________________________________________________________________________________________________________________________________________________________,
COMP, 317,02W,5279,SocialLegal&EthicIssuComp,Lecture,3,,
,,,,,,(In person)
Bldg:,Cuneo Hall,Room:,318,Days:,TuTh,Time:,04:15PM-05:30,Instructor:,"Montaner,Nicoletta Christina"
Class Enrl Cap:,19,Class Enrl Tot:,0,Class Wait Cap:,0,Class Wait Tot:,0,Class Min Enrl:,0
Attributes:,Sociolegal Studies
Room Characteristics:,Electronic Classroom(1)
,,,,
**This is a writing intensive class.**



This class is restricted to undergraduate students.  Graduate students wishing to enroll in a section of this course should contact their departmental
graduate advisor.
____________________________________________________________________________________________________________________________________________________________,
COMP, 322,001,6265,Software Dev. Wireless&Mobile,Lecture,3,,
,,,,,,(In person)
Bldg:,Cuneo Hall,Room:,117,Days:,TuTh,Time:,02:30PM-03:45,Instructor:,"Hayward,Nicholas J"
Class Enrl Cap:,35,Class Enrl Tot:,0,Class Wait Cap:,0,Class Wait Tot:,0,Class Min Enrl:,0
Room Characteristics:,Electronic Classroom(1)
Combined Section ID:,1891(COMP 322-001 / COMP 422-001), -,COMP 422(#6268)

Combined with COMP 422-001.
____________________________________________________________________________________________________________________________________________________________,
,,,,,,,,
Report ID:  SR201,Loyola University Chicago,Page No.,9,of,33
Schedule of Classes for Fall 2019,Run Date:,03/21/2019
Campus: Lake Shore Campus   Location: Lake Shore Campus,Run Time:,14:08:57
Regular Academic Session
College of Arts and Sciences - Computer Science - Subject: Computer Science

____________________________________________________________________________________________________________________________________________________________,Subject,Catalog Nbr,Section,Class Nbr,Course Title,Component,Units,Topics
COMP, 325,001,6271,Rapid App Development,Lecture,3,,
,,,,,,(Hybrid)
Bldg:,Crown Center,Room:,103,Days:,Sa,Time:,10:00AM-12:30,Instructor:,"Kabani,Karim"
Class Enrl Cap:,20,Class Enrl Tot:,0,Class Wait Cap:,0,Class Wait Tot:,0,Class Min Enrl:,0
Room Characteristics:,Lab - Computer(1)
Combined Section ID:,1973(COMP 325-001/COMP 425-001), -,COMP 425(#6272)

Combined with COMP 425-001.
____________________________________________________________________________________________________________________________________________________________,
COMP, 330,001,4305,Software Engineering,Lecture,3,,
,,,,,,(Hybrid)
Bldg:,Cuneo Hall,Room:,312,Days:,F,Time:,10:25AM-11:15,Instructor:,"Honig,William"
Class Enrl Cap:,35,Class Enrl Tot:,0,Class Wait Cap:,0,Class Wait Tot:,0,Class Min Enrl:,0
Room Characteristics:,Electronic Classroom(1)
,,,,
This is a hybrid class.  More details will be forthcoming.
____________________________________________________________________________________________________________________________________________________________,
COMP, 347,001,6276,Intro Computer Security,Lecture,3,,
,,,,,,(In person)
Bldg:,Cuneo Hall,Room:,116,Days:,F,Time:,05:45PM-08:15,Instructor:,"Schmitz,Corby"
Class Enrl Cap:,28,Class Enrl Tot:,0,Class Wait Cap:,0,Class Wait Tot:,0,Class Min Enrl:,0
Room Characteristics:,Electronic Classroom(1)
Combined Section ID:,1898(COMP 347-001 / COMP 447-001), -,COMP 447(#6278)

Combined with COMP 447-001.
____________________________________________________________________________________________________________________________________________________________,
COMP, 352,001,6135,Computer Vulnerabilities,Lecture,3,,
,,,,,,(In person)
Bldg:,Cuneo Hall,Room:,103,Days:,M,Time:,04:15PM-06:45,Instructor:,"Chan-Tin,David Eric"
Class Enrl Cap:,30,Class Enrl Tot:,0,Class Wait Cap:,0,Class Wait Tot:,0,Class Min Enrl:,0
Room Characteristics:,Electronic Classroom(1)
Combined Section ID:,2015(COMP 352-001/COMP 488-352), -,COMP 488(#6189)

Combined with COMP 488-352.
____________________________________________________________________________________________________________________________________________________________,
,,,,,,,,
Report ID:  SR201,Loyola University Chicago,Page No.,10,of,33
Schedule of Classes for Fall 2019,Run Date:,03/21/2019
Campus: Lake Shore Campus   Location: Lake Shore Campus,Run Time:,14:08:57
Regular Academic Session
College of Arts and Sciences - Computer Science - Subject: Computer Science

____________________________________________________________________________________________________________________________________________________________,Subject,Catalog Nbr,Section,Class Nbr,Course Title,Component,Units,Topics
COMP, 363,001,2953,Desgn/Anlys Comp Algorthm,Lecture,3,,
,,,,,,(In person)
Bldg:,Cuneo Hall,Room:,203,Days:,MWF,Time:,12:35PM-01:25,Instructor:,"Putonti,Catherine"
Class Enrl Cap:,35,Class Enrl Tot:,0,Class Wait Cap:,0,Class Wait Tot:,0,Class Min Enrl:,0
Attributes:,Bioinformatics
Class Equivalents:,X-COMP363/BIOI363
Room Characteristics:,Electronic Classroom(1)
,,,,
This course is restricted to undergraduate students.  Graduate students wishing to enroll in a section of this course should contact their departmental
graduate advisor.
____________________________________________________________________________________________________________________________________________________________,
COMP, 371,001,6550,Programming Languages,Lecture,3,,
,,,,,,(In person)
Bldg:,Cuneo Hall,Room:,302,Days:,Tu,Time:,04:15PM-06:45,Instructor:,"Laufer,Konstantin"
Class Enrl Cap:,30,Class Enrl Tot:,0,Class Wait Cap:,0,Class Wait Tot:,0,Class Min Enrl:,0
Room Characteristics:,Electronic Classroom(1)
Combined Section ID:,1983(COMP 471-001/COMP 371-001), -,COMP 471(#6551)
____________________________________________________________________________________________________________________________________________________________,
COMP, 377,001,6274,IT Project Management,Lecture,3,,
,,,,,,(In person)
Bldg:,Cuneo Hall,Room:,117,Days:,W,Time:,06:00PM-08:30,Instructor:,"Naiman,Channah"
Class Enrl Cap:,35,Class Enrl Tot:,0,Class Wait Cap:,0,Class Wait Tot:,0,Class Min Enrl:,0
Room Characteristics:,Electronic Classroom(1)
Combined Section ID:,1901(COMP 377-001 / COMP 477-001), -,COMP 477(#6275)

Combined with COMP 477-001.
____________________________________________________________________________________________________________________________________________________________,
COMP, 379,001,6216,Machine Learning,Lecture,3,,
,,,,,,(In person)
Bldg:,Cuneo Hall,Room:,203,Days:,Tu,Time:,04:15PM-06:45,Instructor:,"Dligach,Dmitriy"
Class Enrl Cap:,35,Class Enrl Tot:,0,Class Wait Cap:,0,Class Wait Tot:,0,Class Min Enrl:,0
Room Characteristics:,Electronic Classroom(1)
Combined Section ID:,1886(COMP 379-001/COMP 479-001), -,COMP 479(#6217)

Combined with COMP 479-001.
____________________________________________________________________________________________________________________________________________________________,
,,,,,,,,
Report ID:  SR201,Loyola University Chicago,Page No.,11,of,33
Schedule of Classes for Fall 2019,Run Date:,03/21/2019
Campus: Lake Shore Campus   Location: Lake Shore Campus,Run Time:,14:08:57
Regular Academic Session
College of Arts and Sciences - Computer Science - Subject: Computer Science

____________________________________________________________________________________________________________________________________________________________,Subject,Catalog Nbr,Section,Class Nbr,Course Title,Component,Units,Topics
COMP, 381,001,3532,Bioinformatics,Lecture,3,,
,,,,,,(In person)
Bldg:,Crown Center,Room:,103,Days:,MW,Time:,02:45PM-04:00,Instructor:,"Wheeler,Heather E."
Class Enrl Cap:,1,Class Enrl Tot:,0,Class Wait Cap:,0,Class Wait Tot:,0,Class Min Enrl:,0
Attributes:,Bioinformatics
Class Equivalents:,X-BIOL388/COMP381/BIOI388
Room Characteristics:,Lab - Computer(1)
Combined Section ID:,0951(X-BIO388/COMP381/BIOL488/COMP4), -,"BIOL 388(#1907), BIOL 488(#3131), COMP 488(#6191)"

"COMP 381-001 is combined with BIOL 388-001.  Register for BIOL 388-001 (1934).  Also, combined with COMP 488-381 and BIOL 488-001."
____________________________________________________________________________________________________________________________________________________________,
COMP, 388,001,6310,Topics:,Lecture,1,Computing Career Preparation,
,,,,,,(In person)
Bldg:,Cuneo Hall,Room:,217,Days:,W,Time:,01:40PM-02:30,Instructor:,"Greenberg,Ronald I"
Class Enrl Cap:,25,Class Enrl Tot:,0,Class Wait Cap:,0,Class Wait Tot:,0,Class Min Enrl:,0
Room Characteristics:,Electronic Classroom(1)
,,,,
COMP 388-001: Computing Career Preparation

(1 credit)



Description:

"This course is designed specifically for students pursuing a degree in computing-related fields, for example, Computer Science, Information Technology,"
"Software Engineering, and Cybersecurity.  They will learn about ways to develop themselves professionally, communicate their strengths, expand their"
"contacts, and advance their careers.
"


Prerequisites:

It is best for students to have taken a course such as COMP 125 or COMP 150 or COMP 170 or COMP 180 so that they have begun to acquire some technical
____________________________________________________________________________________________________________________________________________________________,,
COMP, 391,01E,2049,Internship in CS,Field Studies,1 - 6,,
,,,,,,(In person)
Bldg:,TBA,Room:,TBA,Days:,TBA,Time:,TBA,Instructor:,"Yacobellis,Robert"
,,,,,,,,,"Greenberg,Ronald I"
Class Enrl Cap:,20,Class Enrl Tot:,0,Class Wait Cap:,0,Class Wait Tot:,0,Class Min Enrl:,0
Attributes:,Engaged Learning
Room Characteristics:,Classroom Not Needed(1)
,,,,
"This class satisfies the Engaged Learning requirement in the Internship category.  Department Consent is required, and then a Computer Science Department"
staff member will enroll you.
____________________________________________________________________________________________________________________________________________________________,
,,,,,,,,
Report ID:  SR201,Loyola University Chicago,Page No.,12,of,33
Schedule of Classes for Fall 2019,Run Date:,03/21/2019
Campus: Lake Shore Campus   Location: Lake Shore Campus,Run Time:,14:08:57
Regular Academic Session
College of Arts and Sciences - Computer Science - Subject: Computer Science

____________________________________________________________________________________________________________________________________________________________,Subject,Catalog Nbr,Section,Class Nbr,Course Title,Component,Units,Topics
COMP, 398,01E,6192,Independent Study,Independent Study,1 - 6,,
,,,,,,(In person)
Bldg:,TBA,Room:,TBA,Days:,TBA,Time:,TBA,Instructor:,"Albert,Mark"
Class Enrl Cap:,20,Class Enrl Tot:,0,Class Wait Cap:,0,Class Wait Tot:,0,Class Min Enrl:,0
Attributes:,Engaged Learning
Room Characteristics:,Classroom Not Needed(1)
,,,,
This class satisfies the Engaged Learning requirement in the Undergraduate Research category.  Department Consent required.
____________________________________________________________________________________________________________________________________________________________,
COMP, 398,02E,6193,Independent Study,Independent Study,1 - 6,,
,,,,,,(In person)
Bldg:,TBA,Room:,TBA,Days:,TBA,Time:,TBA,Instructor:,"Chan-Tin,David Eric"
Class Enrl Cap:,20,Class Enrl Tot:,0,Class Wait Cap:,0,Class Wait Tot:,0,Class Min Enrl:,0
Attributes:,Engaged Learning
Room Characteristics:,Classroom Not Needed(1)
,,,,
This class satisfies the Engaged Learning requirement in the Undergraduate Research category.  Department Consent required.
____________________________________________________________________________________________________________________________________________________________,
COMP, 398,03E,6194,Independent Study,Independent Study,1 - 6,,
,,,,,,(In person)
Bldg:,TBA,Room:,TBA,Days:,TBA,Time:,TBA,Instructor:,"Dligach,Dmitriy"
Class Enrl Cap:,20,Class Enrl Tot:,0,Class Wait Cap:,0,Class Wait Tot:,0,Class Min Enrl:,0
Attributes:,Engaged Learning
Room Characteristics:,Classroom Not Needed(1)
,,,,
This class satisfies the Engaged Learning requirement in the Undergraduate Research category.  Department Consent required.
____________________________________________________________________________________________________________________________________________________________,
COMP, 398,04E,6195,Independent Study,Independent Study,1 - 6,,
,,,,,,(In person)
Bldg:,TBA,Room:,TBA,Days:,TBA,Time:,TBA,Instructor:,"Dordal,Peter L"
Class Enrl Cap:,20,Class Enrl Tot:,0,Class Wait Cap:,0,Class Wait Tot:,0,Class Min Enrl:,0
Attributes:,Engaged Learning
Room Characteristics:,Classroom Not Needed(1)
,,,,
This class satisfies the Engaged Learning requirement in the Undergraduate Research category.  Department Consent required.
____________________________________________________________________________________________________________________________________________________________,
,,,,,,,,
Report ID:  SR201,Loyola University Chicago,Page No.,13,of,33
Schedule of Classes for Fall 2019,Run Date:,03/21/2019
Campus: Lake Shore Campus   Location: Lake Shore Campus,Run Time:,14:08:57
Regular Academic Session
College of Arts and Sciences - Computer Science - Subject: Computer Science

____________________________________________________________________________________________________________________________________________________________,Subject,Catalog Nbr,Section,Class Nbr,Course Title,Component,Units,Topics
COMP, 398,05E,6196,Independent Study,Independent Study,1 - 6,,
,,,,,,(In person)
Bldg:,TBA,Room:,TBA,Days:,TBA,Time:,TBA,Instructor:,"Greenberg,Ronald I"
Class Enrl Cap:,20,Class Enrl Tot:,0,Class Wait Cap:,0,Class Wait Tot:,0,Class Min Enrl:,0
Attributes:,Engaged Learning
Room Characteristics:,Classroom Not Needed(1)
,,,,
This class satisfies the Engaged Learning requirement in the Undergraduate Research category.  Department Consent required.
____________________________________________________________________________________________________________________________________________________________,
COMP, 398,06E,6197,Independent Study,Independent Study,1 - 6,,
,,,,,,(In person)
Bldg:,TBA,Room:,TBA,Days:,TBA,Time:,TBA,Instructor:,"Harrington,Andrew N"
Class Enrl Cap:,20,Class Enrl Tot:,0,Class Wait Cap:,0,Class Wait Tot:,0,Class Min Enrl:,0
Attributes:,Engaged Learning
Room Characteristics:,Classroom Not Needed(1)
,,,,
This class satisfies the Engaged Learning requirement in the Undergraduate Research category.  Department Consent required.
____________________________________________________________________________________________________________________________________________________________,
COMP, 398,07E,6198,Independent Study,Independent Study,1 - 6,,
,,,,,,(In person)
Bldg:,TBA,Room:,TBA,Days:,TBA,Time:,TBA,Instructor:,"Hayward,Nicholas J"
Class Enrl Cap:,20,Class Enrl Tot:,0,Class Wait Cap:,0,Class Wait Tot:,0,Class Min Enrl:,0
Attributes:,Engaged Learning
Room Characteristics:,Classroom Not Needed(1)
,,,,
This class satisfies the Engaged Learning requirement in the Undergraduate Research category.  Department Consent required.
____________________________________________________________________________________________________________________________________________________________,
COMP, 398,08E,6199,Independent Study,Independent Study,1 - 6,,
,,,,,,(In person)
Bldg:,TBA,Room:,TBA,Days:,TBA,Time:,TBA,Instructor:,"Honig,William"
Class Enrl Cap:,20,Class Enrl Tot:,0,Class Wait Cap:,0,Class Wait Tot:,0,Class Min Enrl:,0
Attributes:,Engaged Learning
Room Characteristics:,Classroom Not Needed(1)
,,,,
This class satisfies the Engaged Learning requirement in the Undergraduate Research category.  Department Consent required.
____________________________________________________________________________________________________________________________________________________________,
,,,,,,,,
Report ID:  SR201,Loyola University Chicago,Page No.,14,of,33
Schedule of Classes for Fall 2019,Run Date:,03/21/2019
Campus: Lake Shore Campus   Location: Lake Shore Campus,Run Time:,14:08:57
Regular Academic Session
College of Arts and Sciences - Computer Science - Subject: Computer Science

____________________________________________________________________________________________________________________________________________________________,Subject,Catalog Nbr,Section,Class Nbr,Course Title,Component,Units,Topics
COMP, 398,09E,6200,Independent Study,Independent Study,1 - 6,,
,,,,,,(In person)
Bldg:,TBA,Room:,TBA,Days:,TBA,Time:,TBA,Instructor:,"Laufer,Konstantin"
Class Enrl Cap:,20,Class Enrl Tot:,0,Class Wait Cap:,0,Class Wait Tot:,0,Class Min Enrl:,0
Attributes:,Engaged Learning
Room Characteristics:,Classroom Not Needed(1)
,,,,
This class satisfies the Engaged Learning requirement in the Undergraduate Research category.  Department Consent required.
____________________________________________________________________________________________________________________________________________________________,
COMP, 398,10E,6201,Independent Study,Independent Study,1 - 6,,
,,,,,,(In person)
Bldg:,TBA,Room:,TBA,Days:,TBA,Time:,TBA,Instructor:,"Naiman,Channah"
Class Enrl Cap:,20,Class Enrl Tot:,0,Class Wait Cap:,0,Class Wait Tot:,0,Class Min Enrl:,0
Attributes:,Engaged Learning
Room Characteristics:,Classroom Not Needed(1)
,,,,
This class satisfies the Engaged Learning requirement in the Undergraduate Research category.  Department Consent required.
____________________________________________________________________________________________________________________________________________________________,
COMP, 398,11E,6202,Independent Study,Independent Study,1 - 6,,
,,,,,,(In person)
Bldg:,TBA,Room:,TBA,Days:,TBA,Time:,TBA,Instructor:,"Putonti,Catherine"
Class Enrl Cap:,20,Class Enrl Tot:,0,Class Wait Cap:,0,Class Wait Tot:,0,Class Min Enrl:,0
Attributes:,Engaged Learning
Room Characteristics:,Classroom Not Needed(1)
,,,,
This class satisfies the Engaged Learning requirement in the Undergraduate Research category.  Department Consent required.
____________________________________________________________________________________________________________________________________________________________,
COMP, 398,12E,6203,Independent Study,Independent Study,1 - 6,,
,,,,,,(In person)
Bldg:,TBA,Room:,TBA,Days:,TBA,Time:,TBA,Instructor:,"Sekharan,Chandra N"
Class Enrl Cap:,20,Class Enrl Tot:,0,Class Wait Cap:,0,Class Wait Tot:,0,Class Min Enrl:,0
Attributes:,Engaged Learning
Room Characteristics:,Classroom Not Needed(1)
,,,,
This class satisfies the Engaged Learning requirement in the Undergraduate Research category.  Department Consent required.
____________________________________________________________________________________________________________________________________________________________,
,,,,,,,,
Report ID:  SR201,Loyola University Chicago,Page No.,15,of,33
Schedule of Classes for Fall 2019,Run Date:,03/21/2019
Campus: Lake Shore Campus   Location: Lake Shore Campus,Run Time:,14:08:57
Regular Academic Session
College of Arts and Sciences - Computer Science - Subject: Computer Science

____________________________________________________________________________________________________________________________________________________________,Subject,Catalog Nbr,Section,Class Nbr,Course Title,Component,Units,Topics
COMP, 398,13E,6204,Independent Study,Independent Study,1 - 6,,
,,,,,,(In person)
Bldg:,TBA,Room:,TBA,Days:,TBA,Time:,TBA,Instructor:,"Thiruvathukal,George"
Class Enrl Cap:,20,Class Enrl Tot:,0,Class Wait Cap:,0,Class Wait Tot:,0,Class Min Enrl:,0
Attributes:,Engaged Learning
Room Characteristics:,Classroom Not Needed(1)
,,,,
This class satisfies the Engaged Learning requirement in the Undergraduate Research category.  Department Consent required.
____________________________________________________________________________________________________________________________________________________________,
COMP, 398,14E,6205,Independent Study,Independent Study,1 - 6,,
,,,,,,(In person)
Bldg:,TBA,Room:,TBA,Days:,TBA,Time:,TBA,Instructor:,"Wheeler,Heather E."
Class Enrl Cap:,20,Class Enrl Tot:,0,Class Wait Cap:,0,Class Wait Tot:,0,Class Min Enrl:,0
Attributes:,Engaged Learning
Room Characteristics:,Classroom Not Needed(1)
,,,,
This class satisfies the Engaged Learning requirement in the Undergraduate Research category.  Department Consent required.
____________________________________________________________________________________________________________________________________________________________,
COMP, 398,15E,6206,Independent Study,Independent Study,1 - 6,,
,,,,,,(In person)
Bldg:,TBA,Room:,TBA,Days:,TBA,Time:,TBA,Instructor:,"Yacobellis,Robert"
Class Enrl Cap:,20,Class Enrl Tot:,0,Class Wait Cap:,0,Class Wait Tot:,0,Class Min Enrl:,0
Attributes:,Engaged Learning
Room Characteristics:,Classroom Not Needed(1)
,,,,
This class satisfies the Engaged Learning requirement in the Undergraduate Research category.  Department Consent required.
____________________________________________________________________________________________________________________________________________________________,
COMP, 398,16E,6207,Independent Study,Independent Study,1 - 6,,
,,,,,,(In person)
Bldg:,TBA,Room:,TBA,Days:,TBA,Time:,TBA,Instructor:
Class Enrl Cap:,20,Class Enrl Tot:,0,Class Wait Cap:,0,Class Wait Tot:,0,Class Min Enrl:,0
Attributes:,Engaged Learning
Room Characteristics:,Classroom Not Needed(1)
,,,,
This class satisfies the Engaged Learning requirement in the Undergraduate Research category.  Department Consent required.
____________________________________________________________________________________________________________________________________________________________,
,,,,,,,,
Report ID:  SR201,Loyola University Chicago,Page No.,16,of,33
Schedule of Classes for Fall 2019,Run Date:,03/21/2019
Campus: Lake Shore Campus   Location: Lake Shore Campus,Run Time:,14:08:57
Regular Academic Session
College of Arts and Sciences - Computer Science - Subject: Computer Science

____________________________________________________________________________________________________________________________________________________________,Subject,Catalog Nbr,Section,Class Nbr,Course Title,Component,Units,Topics
COMP, 398,17E,6208,Independent Study,Independent Study,1 - 6,,
,,,,,,(In person)
Bldg:,TBA,Room:,TBA,Days:,TBA,Time:,TBA,Instructor:
Class Enrl Cap:,20,Class Enrl Tot:,0,Class Wait Cap:,0,Class Wait Tot:,0,Class Min Enrl:,0
Attributes:,Engaged Learning
Room Characteristics:,Classroom Not Needed(1)
,,,,
This class satisfies the Engaged Learning requirement in the Undergraduate Research category.  Department Consent required.
____________________________________________________________________________________________________________________________________________________________,
COMP, 398,18E,6209,Independent Study,Independent Study,1 - 6,,
,,,,,,(In person)
Bldg:,TBA,Room:,TBA,Days:,TBA,Time:,TBA,Instructor:
Class Enrl Cap:,20,Class Enrl Tot:,0,Class Wait Cap:,0,Class Wait Tot:,0,Class Min Enrl:,0
Attributes:,Engaged Learning
Room Characteristics:,Classroom Not Needed(1)
,,,,
This class satisfies the Engaged Learning requirement in the Undergraduate Research category.  Department Consent required.
____________________________________________________________________________________________________________________________________________________________,
COMP, 399,001,4306,Computer Science Seminar,Lecture,1,,
,,,,,,(In person)
Bldg:,Cuneo Hall,Room:,202,Days:,Th,Time:,04:15PM-05:30,Instructor:,"Albert,Mark"
Class Enrl Cap:,25,Class Enrl Tot:,0,Class Wait Cap:,0,Class Wait Tot:,0,Class Min Enrl:,0
Class Equivalents:,COMP 399H / COMP 399
Room Characteristics:,Electronic Classroom(1)
____________________________________________________________________________________________________________________________________________________________,
COMP, 410,001,6313,Operating Systems,Lecture,3,,
,,,,,,(In person)
Bldg:,Mundelein Center,Room:,0407,Days:,TuTh,Time:,02:30PM-03:45,Instructor:,"Thiruvathukal,George"
Class Enrl Cap:,35,Class Enrl Tot:,0,Class Wait Cap:,0,Class Wait Tot:,0,Class Min Enrl:,0
Room Characteristics:,Electronic Classroom(1)
Combined Section ID:,1982(COMP 410-001/COMP 310-001), -,COMP 310(#6312)

Combined with COMP 310-001.
____________________________________________________________________________________________________________________________________________________________,
COMP, 413,001,6273,Intermed Object-Orientd Devel,Lecture,3,,
,,,,,,(In person)
Bldg:,Cuneo Hall,Room:,312,Days:,TuTh,Time:,01:00PM-02:15,Instructor:,"Yacobellis,Robert"
Class Enrl Cap:,35,Class Enrl Tot:,0,Class Wait Cap:,0,Class Wait Tot:,0,Class Min Enrl:,0
Room Characteristics:,Electronic Classroom(1)
Combined Section ID:,1991(COMP 313-002/COMP 413-001), -,COMP 313(#3300)

Combined with COMP 313-001.
____________________________________________________________________________________________________________________________________________________________,
,,,,,,,,
Report ID:  SR201,Loyola University Chicago,Page No.,17,of,33
Schedule of Classes for Fall 2019,Run Date:,03/21/2019
Campus: Lake Shore Campus   Location: Lake Shore Campus,Run Time:,14:08:57
Regular Academic Session
College of Arts and Sciences - Computer Science - Subject: Computer Science

____________________________________________________________________________________________________________________________________________________________,Subject,Catalog Nbr,Section,Class Nbr,Course Title,Component,Units,Topics
COMP, 417,001,2944,Social & Ethical Iss Comp,Lecture,3,,
,,,,,,(In person)
Bldg:,Cuneo Hall,Room:,302,Days:,W,Time:,04:15PM-06:45,Instructor:,"Schwab,Roxanne"
Class Enrl Cap:,35,Class Enrl Tot:,0,Class Wait Cap:,0,Class Wait Tot:,0,Class Min Enrl:,0
Room Characteristics:,Electronic Classroom(1)
____________________________________________________________________________________________________________________________________________________________,
COMP, 422,001,6268,Wireless/Mobile Softw Dev,Lecture,3,,
,,,,,,(In person)
Bldg:,Cuneo Hall,Room:,117,Days:,TuTh,Time:,02:30PM-03:45,Instructor:,"Hayward,Nicholas J"
Class Enrl Cap:,35,Class Enrl Tot:,0,Class Wait Cap:,0,Class Wait Tot:,0,Class Min Enrl:,0
Room Characteristics:,Electronic Classroom(1)
Combined Section ID:,1891(COMP 322-001 / COMP 422-001), -,COMP 322(#6265)

Combined with COMP 322-001.
____________________________________________________________________________________________________________________________________________________________,
COMP, 425,001,6272,RapidAppl Dev Metholodgy,Lecture,3,,
,,,,,,(Hybrid)
Bldg:,Crown Center,Room:,103,Days:,Sa,Time:,10:00AM-12:30,Instructor:,"Kabani,Karim"
Class Enrl Cap:,20,Class Enrl Tot:,0,Class Wait Cap:,0,Class Wait Tot:,0,Class Min Enrl:,0
Room Characteristics:,Lab - Computer(1)
Combined Section ID:,1973(COMP 325-001/COMP 425-001), -,COMP 325(#6271)

Combined with COMP 325-001.
____________________________________________________________________________________________________________________________________________________________,
COMP, 447,001,6278,Intrusion Detection,Lecture,3,,
,,,,,,(In person)
Bldg:,Cuneo Hall,Room:,116,Days:,F,Time:,05:45PM-08:15,Instructor:,"Schmitz,Corby"
Class Enrl Cap:,30,Class Enrl Tot:,0,Class Wait Cap:,0,Class Wait Tot:,0,Class Min Enrl:,0
Room Characteristics:,Electronic Classroom(1)
Combined Section ID:,1898(COMP 347-001 / COMP 447-001), -,COMP 347(#6276)

Combined with COMP 347-001.
____________________________________________________________________________________________________________________________________________________________,
COMP, 453,001,2956,Database Programming,Lecture,3,,
,,,,,,(In person)
Bldg:,Cuneo Hall,Room:,202,Days:,Tu,Time:,04:15PM-06:45,Instructor:,"Naiman,Channah"
Class Enrl Cap:,35,Class Enrl Tot:,0,Class Wait Cap:,0,Class Wait Tot:,0,Class Min Enrl:,0
Room Characteristics:,Electronic Classroom(1)
,,,,
This section of COMP 453 will use Python to access a MySQL database both locally and remotely.  The Flask web development framework is used.  We will
incorporate both standard SQL queries as well as SQLAlchemy as an object-relational mapping (ORM) tool.  A complete website with user account support and
"CRUD capabilities is developed.  Python will also be used to introduce MongoDB for data cleaning and querying, using the MongoDB Aggregation Framework as"
"well as the MongoDB query language.  We will use Jupyter Notebooks for interactive testing, MongoDB Atlas as a cloud-based host, and Compass as a local GUI."
____________________________________________________________________________________________________________________________________________________________,
COMP, 471,001,6551,Thry Programmng Languages,Lecture,3,,
,,,,,,(In person)
Bldg:,Cuneo Hall,Room:,302,Days:,Tu,Time:,04:15PM-06:45,Instructor:,"Laufer,Konstantin"
Class Enrl Cap:,30,Class Enrl Tot:,0,Class Wait Cap:,0,Class Wait Tot:,0,Class Min Enrl:,0
Room Characteristics:,Electronic Classroom(1)
Combined Section ID:,1983(COMP 471-001/COMP 371-001), -,COMP 371(#6550)
____________________________________________________________________________________________________________________________________________________________,
COMP, 477,001,6275,IT Project Management,Lecture,3,,
,,,,,,(In person)
Bldg:,Cuneo Hall,Room:,117,Days:,W,Time:,06:00PM-08:30,Instructor:,"Naiman,Channah"
Class Enrl Cap:,35,Class Enrl Tot:,0,Class Wait Cap:,0,Class Wait Tot:,0,Class Min Enrl:,0
Room Characteristics:,Electronic Classroom(1)
Combined Section ID:,1901(COMP 377-001 / COMP 477-001), -,COMP 377(#6274)

Combined with COMP 377-001.
____________________________________________________________________________________________________________________________________________________________,
COMP, 479,001,6217,Machine Learning,Lecture,3,,
,,,,,,(In person)
Bldg:,Cuneo Hall,Room:,203,Days:,Tu,Time:,04:15PM-06:45,Instructor:,"Dligach,Dmitriy"
Class Enrl Cap:,35,Class Enrl Tot:,0,Class Wait Cap:,0,Class Wait Tot:,0,Class Min Enrl:,0
Room Characteristics:,Electronic Classroom(1)
Combined Section ID:,1886(COMP 379-001/COMP 479-001), -,COMP 379(#6216)

Combined with COMP 379-001.
____________________________________________________________________________________________________________________________________________________________,
COMP, 488,001,6187,Top:,Lecture,3,Data Visualization & Explor,
,,,,,,(In person)
Bldg:,Cuneo Hall,Room:,117,Days:,Th,Time:,04:15PM-06:45,Instructor:,"Naiman,Channah"
Class Enrl Cap:,25,Class Enrl Tot:,0,Class Wait Cap:,0,Class Wait Tot:,0,Class Min Enrl:,0
Room Characteristics:,Electronic Classroom(1)
____________________________________________________________________________________________________________________________________________________________,
COMP, 488,352,6189,Top:,Lecture,3,Computer Vulnerabilities,
,,,,,,(In person)
Bldg:,Cuneo Hall,Room:,103,Days:,M,Time:,04:15PM-06:45,Instructor:,"Chan-Tin,David Eric"
Class Enrl Cap:,30,Class Enrl Tot:,0,Class Wait Cap:,0,Class Wait Tot:,0,Class Min Enrl:,0
Room Characteristics:,Electronic Classroom(1)
Combined Section ID:,2015(COMP 352-001/COMP 488-352), -,COMP 352(#6135)

Computer Vulnerabilities



Combined with COMP 352-001.



Prerequisites: COMP 264 and COMP 347



"This course will introduce students to computer vulnerabilities at the machine-code level, including viruses, browser vulnerabilities, buffer and heap"
"overflows, return-to-libc attacks and others.
"


Outcomes: Describe some recent computer software vulnerabilities at the machine-code level and how they can be leveraged into an attack.

____________________________________________________________________________________________________________________________________________________________,
COMP, 488,381,6191,Top:,Lecture,3,Bioinformatics,
,,,,,,(In person)
Bldg:,Crown Center,Room:,103,Days:,MW,Time:,02:45PM-04:00,Instructor:,"Wheeler,Heather E."
Class Enrl Cap:,2,Class Enrl Tot:,0,Class Wait Cap:,0,Class Wait Tot:,0,Class Min Enrl:,0
Room Characteristics:,Lab - Computer(1)
Combined Section ID:,0951(X-BIO388/COMP381/BIOL488/COMP4), -,"BIOL 388(#1907), BIOL 488(#3131), COMP 381(#3532)"

Bioinformatics



Combined with COMP 381-001.
____________________________________________________________________________________________________________________________________________________________,
COMP, 490,001,2174,Independent Project,Supervision,1 - 6,,
,,,,,,(In person)
Bldg:,TBA,Room:,TBA,Days:,TBA,Time:,TBA,Instructor:,"Albert,Mark"
Class Enrl Cap:,20,Class Enrl Tot:,0,Class Wait Cap:,0,Class Wait Tot:,0,Class Min Enrl:,0
Room Characteristics:,Classroom Not Needed(1)
,,,,
"Department Consent required, and then a Computer Science Department staff member will enroll you."
____________________________________________________________________________________________________________________________________________________________,
COMP, 490,002,2175,Independent Project,Supervision,1 - 6,,
,,,,,,(In person)
Bldg:,TBA,Room:,TBA,Days:,TBA,Time:,TBA,Instructor:,"Chan-Tin,David Eric"
Class Enrl Cap:,20,Class Enrl Tot:,0,Class Wait Cap:,0,Class Wait Tot:,0,Class Min Enrl:,0
Room Characteristics:,Classroom Not Needed(1)
,,,,
"Department Consent required, and then a Computer Science Department staff member will enroll you."
____________________________________________________________________________________________________________________________________________________________,
COMP, 490,003,2176,Independent Project,Supervision,1 - 6,,
,,,,,,(In person)
Bldg:,TBA,Room:,TBA,Days:,TBA,Time:,TBA,Instructor:,"Dligach,Dmitriy"
Class Enrl Cap:,20,Class Enrl Tot:,0,Class Wait Cap:,0,Class Wait Tot:,0,Class Min Enrl:,0
Room Characteristics:,Classroom Not Needed(1)
,,,,
"Department Consent required, and then a Computer Science Department staff member will enroll you."
____________________________________________________________________________________________________________________________________________________________,
COMP, 490,004,2177,Independent Project,Supervision,1 - 6,,
,,,,,,(In person)
Bldg:,TBA,Room:,TBA,Days:,TBA,Time:,TBA,Instructor:,"Dordal,Peter L"
Class Enrl Cap:,20,Class Enrl Tot:,0,Class Wait Cap:,0,Class Wait Tot:,0,Class Min Enrl:,0
Room Characteristics:,Classroom Not Needed(1)
,,,,
"Department Consent required, and then a Computer Science Department staff member will enroll you."
____________________________________________________________________________________________________________________________________________________________,
,,,,,,,,
Report ID:  SR201,Loyola University Chicago,Page No.,20,of,33
Schedule of Classes for Fall 2019,Run Date:,03/21/2019
Campus: Lake Shore Campus   Location: Lake Shore Campus,Run Time:,14:08:57
Regular Academic Session
College of Arts and Sciences - Computer Science - Subject: Computer Science

____________________________________________________________________________________________________________________________________________________________,Subject,Catalog Nbr,Section,Class Nbr,Course Title,Component,Units,Topics
COMP, 490,005,2178,Independent Project,Supervision,1 - 6,,
,,,,,,(In person)
Bldg:,TBA,Room:,TBA,Days:,TBA,Time:,TBA,Instructor:,"Greenberg,Ronald I"
Class Enrl Cap:,20,Class Enrl Tot:,0,Class Wait Cap:,0,Class Wait Tot:,0,Class Min Enrl:,0
Room Characteristics:,Classroom Not Needed(1)
,,,,
"Department Consent required, and then a Computer Science Department staff member will enroll you."
____________________________________________________________________________________________________________________________________________________________,
COMP, 490,006,2179,Independent Project,Supervision,1 - 6,,
,,,,,,(In person)
Bldg:,TBA,Room:,TBA,Days:,TBA,Time:,TBA,Instructor:,"Harrington,Andrew N"
Class Enrl Cap:,20,Class Enrl Tot:,0,Class Wait Cap:,0,Class Wait Tot:,0,Class Min Enrl:,0
Room Characteristics:,Classroom Not Needed(1)
,,,,
"Department Consent required, and then a Computer Science Department staff member will enroll you."
____________________________________________________________________________________________________________________________________________________________,
COMP, 490,007,2180,Independent Project,Supervision,1 - 6,,
,,,,,,(In person)
Bldg:,TBA,Room:,TBA,Days:,TBA,Time:,TBA,Instructor:,"Hayward,Nicholas J"
Class Enrl Cap:,20,Class Enrl Tot:,0,Class Wait Cap:,0,Class Wait Tot:,0,Class Min Enrl:,0
Room Characteristics:,Classroom Not Needed(1)
,,,,
"Department Consent required, and then a Computer Science Department staff member will enroll you."
____________________________________________________________________________________________________________________________________________________________,
COMP, 490,008,2181,Independent Project,Supervision,1 - 6,,
,,,,,,(In person)
Bldg:,TBA,Room:,TBA,Days:,TBA,Time:,TBA,Instructor:,"Honig,William"
Class Enrl Cap:,20,Class Enrl Tot:,0,Class Wait Cap:,0,Class Wait Tot:,0,Class Min Enrl:,0
Room Characteristics:,Classroom Not Needed(1)
,,,,
"Department Consent required, and then a Computer Science Department staff member will enroll you."
____________________________________________________________________________________________________________________________________________________________,
COMP, 490,009,3306,Independent Project,Supervision,1 - 6,,
,,,,,,(In person)
Bldg:,TBA,Room:,TBA,Days:,TBA,Time:,TBA,Instructor:,"Laufer,Konstantin"
Class Enrl Cap:,20,Class Enrl Tot:,0,Class Wait Cap:,0,Class Wait Tot:,0,Class Min Enrl:,0
Room Characteristics:,Classroom Not Needed(1)
,,,,
"Department Consent required, and then a Computer Science Department staff member will enroll you."
____________________________________________________________________________________________________________________________________________________________,
,,,,,,,,
Report ID:  SR201,Loyola University Chicago,Page No.,21,of,33
Schedule of Classes for Fall 2019,Run Date:,03/21/2019
Campus: Lake Shore Campus   Location: Lake Shore Campus,Run Time:,14:08:57
Regular Academic Session
College of Arts and Sciences - Computer Science - Subject: Computer Science

____________________________________________________________________________________________________________________________________________________________,Subject,Catalog Nbr,Section,Class Nbr,Course Title,Component,Units,Topics
COMP, 490,010,3550,Independent Project,Supervision,1 - 6,,
,,,,,,(In person)
Bldg:,TBA,Room:,TBA,Days:,TBA,Time:,TBA,Instructor:,"Naiman,Channah"
Class Enrl Cap:,20,Class Enrl Tot:,0,Class Wait Cap:,0,Class Wait Tot:,0,Class Min Enrl:,0
Room Characteristics:,Classroom Not Needed(1)
,,,,
"Department Consent required, and then a Computer Science Department staff member will enroll you."
____________________________________________________________________________________________________________________________________________________________,
COMP, 490,011,3647,Independent Project,Supervision,1 - 6,,
,,,,,,(In person)
Bldg:,TBA,Room:,TBA,Days:,TBA,Time:,TBA,Instructor:,"Putonti,Catherine"
Class Enrl Cap:,20,Class Enrl Tot:,0,Class Wait Cap:,0,Class Wait Tot:,0,Class Min Enrl:,0
Room Characteristics:,Classroom Not Needed(1)
,,,,
"Department Consent required, and then a Computer Science Department staff member will enroll you."
____________________________________________________________________________________________________________________________________________________________,
COMP, 490,012,3912,Independent Project,Supervision,1 - 6,,
,,,,,,(In person)
Bldg:,TBA,Room:,TBA,Days:,TBA,Time:,TBA,Instructor:,"Sekharan,Chandra N"
Class Enrl Cap:,20,Class Enrl Tot:,0,Class Wait Cap:,0,Class Wait Tot:,0,Class Min Enrl:,0
Room Characteristics:,Classroom Not Needed(1)
,,,,
"Department Consent required, and then a Computer Science Department staff member will enroll you."
____________________________________________________________________________________________________________________________________________________________,
COMP, 490,013,3913,Independent Project,Supervision,1 - 6,,
,,,,,,(In person)
Bldg:,TBA,Room:,TBA,Days:,TBA,Time:,TBA,Instructor:,"Thiruvathukal,George"
Class Enrl Cap:,20,Class Enrl Tot:,0,Class Wait Cap:,0,Class Wait Tot:,0,Class Min Enrl:,0
Room Characteristics:,Classroom Not Needed(1)
,,,,
"Department Consent required, and then a Computer Science Department staff member will enroll you."
____________________________________________________________________________________________________________________________________________________________,
COMP, 490,014,3914,Independent Project,Supervision,1 - 6,,
,,,,,,(In person)
Bldg:,TBA,Room:,TBA,Days:,TBA,Time:,TBA,Instructor:,"Wheeler,Heather E."
Class Enrl Cap:,20,Class Enrl Tot:,0,Class Wait Cap:,0,Class Wait Tot:,0,Class Min Enrl:,0
Room Characteristics:,Classroom Not Needed(1)
,,,,
"Department Consent required, and then a Computer Science Department staff member will enroll you."
____________________________________________________________________________________________________________________________________________________________,
,,,,,,,,
Report ID:  SR201,Loyola University Chicago,Page No.,22,of,33
Schedule of Classes for Fall 2019,Run Date:,03/21/2019
Campus: Lake Shore Campus   Location: Lake Shore Campus,Run Time:,14:08:57
Regular Academic Session
College of Arts and Sciences - Computer Science - Subject: Computer Science

____________________________________________________________________________________________________________________________________________________________,Subject,Catalog Nbr,Section,Class Nbr,Course Title,Component,Units,Topics
COMP, 490,015,4333,Independent Project,Supervision,1 - 6,,
,,,,,,(In person)
Bldg:,TBA,Room:,TBA,Days:,TBA,Time:,TBA,Instructor:,"Yacobellis,Robert"
Class Enrl Cap:,20,Class Enrl Tot:,0,Class Wait Cap:,0,Class Wait Tot:,0,Class Min Enrl:,0
Room Characteristics:,Classroom Not Needed(1)
,,,,
"Department Consent required, and then a Computer Science Department staff member will enroll you."
____________________________________________________________________________________________________________________________________________________________,
COMP, 490,016,4431,Independent Project,Supervision,1 - 6,,
,,,,,,(In person)
Bldg:,TBA,Room:,TBA,Days:,TBA,Time:,TBA,Instructor:
Class Enrl Cap:,20,Class Enrl Tot:,0,Class Wait Cap:,0,Class Wait Tot:,0,Class Min Enrl:,0
Room Characteristics:,Classroom Not Needed(1)
,,,,
"Department Consent required, and then a Computer Science Department staff member will enroll you."
____________________________________________________________________________________________________________________________________________________________,
COMP, 490,017,5364,Independent Project,Supervision,1 - 6,,
,,,,,,(In person)
Bldg:,TBA,Room:,TBA,Days:,TBA,Time:,TBA,Instructor:
Class Enrl Cap:,20,Class Enrl Tot:,0,Class Wait Cap:,0,Class Wait Tot:,0,Class Min Enrl:,0
Room Characteristics:,Classroom Not Needed(1)
,,,,
"Department Consent required, and then a Computer Science Department staff member will enroll you."
____________________________________________________________________________________________________________________________________________________________,
COMP, 499,001,2058,Internship,Independent Study,1 - 6,,
,,,,,,(In person)
Bldg:,TBA,Room:,TBA,Days:,TBA,Time:,TBA,Instructor:,"Harrington,Andrew N"
,,,,,,,,,"Naiman,Channah"
Class Enrl Cap:,20,Class Enrl Tot:,0,Class Wait Cap:,0,Class Wait Tot:,0,Class Min Enrl:,0
Room Characteristics:,Classroom Not Needed(1)
,,,,
"This course involves an internship experience.  Department Consent required, and then a Computer Science Department staff member will enroll you."
____________________________________________________________________________________________________________________________________________________________,
COMP, 605,001,2809,Master of Science Study,FTC-Supervision,0,,
,,,,,,(In person)
Bldg:,TBA,Room:,TBA,Days:,TBA,Time:,TBA,Instructor:,"Harrington,Andrew N"
,,,,,,,,,"Naiman,Channah"
Class Enrl Cap:,20,Class Enrl Tot:,0,Class Wait Cap:,0,Class Wait Tot:,0,Class Min Enrl:,0
Room Characteristics:,Classroom Not Needed(1)
,,,,
"Department Consent required, and then a Computer Science Department staff member will enroll you."
____________________________________________________________________________________________________________________________________________________________,
,,,,,,,,
Report ID:  SR201,Loyola University Chicago,Page No.,24,of,33
Schedule of Classes for Fall 2019,Run Date:,03/21/2019
Campus: Online Campus   Location: Online Campus,Run Time:,14:08:57
Regular Academic Session
College of Arts and Sciences - Computer Science - Subject: Computer Science

____________________________________________________________________________________________________________________________________________________________,Subject,Catalog Nbr,Section,Class Nbr,Course Title,Component,Units,Topics
COMP, 125,003,6124,Visual Information Processing,Laboratory,3,,
,,,,,,(Online)
Bldg:,TBA,Room:,TBA,Days:,TBA,Time:,TBA,Instructor:,"Wetzel,David"
Class Enrl Cap:,30,Class Enrl Tot:,0,Class Wait Cap:,0,Class Wait Tot:,0,Class Min Enrl:,0
Attributes:,Quantitative Knowledge
Room Characteristics:,Classroom Not Needed(1)
,,,,
"This is an online, completely asynchronous class, with the option of Zoom meetings by appointment."
____________________________________________________________________________________________________________________________________________________________,
COMP, 150,001,2938,Introduction to Computing,Lecture,3,,
,,,,,,(Online)
Bldg:,Online,Room:,,Days:,Tu,Time:,07:00PM-09:30,Instructor:,"O'Sullivan,John Nikolas"
Class Enrl Cap:,30,Class Enrl Tot:,0,Class Wait Cap:,0,Class Wait Tot:,0,Class Min Enrl:,0
Attributes:,Quantitative Knowledge
Class Equivalents:,ACCOMP 150/COMP 150
Room Characteristics:,Classroom Not Needed(1)
,,,,
The course will have a synchronous meeting time every  Tuesday from 7:00 pm  9:30 pm
This course is restricted to undergraduate students.  Graduate students wishing to enroll in a section of this course should contact their departmental
graduate advisor.
____________________________________________________________________________________________________________________________________________________________,
COMP, 150,002,2940,Introduction to Computing,Lecture,3,,
,,,,,,(Online)
Bldg:,TBA,Room:,TBA,Days:,MWF,Time:,08:15AM-09:05,Instructor:,"Harrington,Andrew N"
Class Enrl Cap:,30,Class Enrl Tot:,0,Class Wait Cap:,0,Class Wait Tot:,0,Class Min Enrl:,0
Attributes:,Quantitative Knowledge
Class Equivalents:,ACCOMP 150/COMP 150
Room Characteristics:,Classroom Not Needed(1)
,,,,
Synchronous in Zoom
____________________________________________________________________________________________________________________________________________________________,
COMP, 150,003,5174,Introduction to Computing,Lecture,3,,
,,,,,,(Online)
Bldg:,TBA,Room:,TBA,Days:,TuTh,Time:,08:30AM-09:45,Instructor:,"Harrington,Andrew N"
Class Enrl Cap:,30,Class Enrl Tot:,0,Class Wait Cap:,0,Class Wait Tot:,0,Class Min Enrl:,0
Attributes:,Quantitative Knowledge
Class Equivalents:,ACCOMP 150/COMP 150
Room Characteristics:,Classroom Not Needed(1)
,,,,
Synchronous in Zoom
____________________________________________________________________________________________________________________________________________________________,
,,,,,,,,
Report ID:  SR201,Loyola University Chicago,Page No.,25,of,33
Schedule of Classes for Fall 2019,Run Date:,03/21/2019
Campus: Online Campus   Location: Online Campus,Run Time:,14:08:57
Regular Academic Session
College of Arts and Sciences - Computer Science - Subject: Computer Science

____________________________________________________________________________________________________________________________________________________________,Subject,Catalog Nbr,Section,Class Nbr,Course Title,Component,Units,Topics
COMP, 150,004,6123,Introduction to Computing,Lecture,3,,
,,,,,,(Online)
Bldg:,TBA,Room:,TBA,Days:,TuTh,Time:,10:00AM-11:15,Instructor:,"Harrington,Andrew N"
Class Enrl Cap:,30,Class Enrl Tot:,0,Class Wait Cap:,0,Class Wait Tot:,0,Class Min Enrl:,0
Attributes:,Quantitative Knowledge
Class Equivalents:,ACCOMP 150/COMP 150
Room Characteristics:,Classroom Not Needed(1)
,,,,
Synchronous in Zoom
____________________________________________________________________________________________________________________________________________________________,
COMP, 319,001,6134,Intro to UNIX,Laboratory,1,,
,,,,,,(Online)
Bldg:,TBA,Room:,TBA,Days:,TBA,Time:,TBA,Instructor:,"Honig,William"
Class Enrl Cap:,16,Class Enrl Tot:,0,Class Wait Cap:,0,Class Wait Tot:,0,Class Min Enrl:,0
Class Equivalents:,COMP219/COMP319
Room Characteristics:,Classroom Not Needed(1)
,,,,
This is an online class.  More details will be forthcoming.
____________________________________________________________________________________________________________________________________________________________,
COMP, 340,001,6219,Computer Forensics,Lecture,3,,
,,,,,,(Online)
Bldg:,TBA,Room:,TBA,Days:,W,Time:,07:00PM-09:30,Instructor:,"Yarrish,Thomas"
Class Enrl Cap:,35,Class Enrl Tot:,0,Class Wait Cap:,0,Class Wait Tot:,0,Class Min Enrl:,0
Room Characteristics:,Classroom Not Needed(1)
Combined Section ID:,1985(COMP 488-340/COMP 340-001), -,COMP 488(#6188)

"This is an online, synchronous class.  Synchronous meeting time:  Wednesdays, 7:00 pm - 9:30 pm.
"


Combined with COMP 488-340.
____________________________________________________________________________________________________________________________________________________________,
COMP, 343,002,6262,Intro to Computer Network,Lecture,3,,
,,,,,,(Online)
Bldg:,TBA,Room:,TBA,Days:,TBA,Time:,TBA,Instructor:,"Dordal,Peter L"
Class Enrl Cap:,30,Class Enrl Tot:,0,Class Wait Cap:,0,Class Wait Tot:,0,Class Min Enrl:,0
Room Characteristics:,Classroom Not Needed(1)
Combined Section ID:,1888(COMP 443-002 / COMP 343-002), -,COMP 443(#6264)

This is an online class that includes synchronous and asynchronous interaction among students and Instructor.  Synchronous discussion sessions will be held
"Mondays and Tuesdays at 2:30 pm, and may vary in length from 30 minutes to one hour.  Participation in synchronous sessions is strongly recommended.
"


Combined with COMP 443-002.
____________________________________________________________________________________________________________________________________________________________,
,,,,,,,,
Report ID:  SR201,Loyola University Chicago,Page No.,26,of,33
Schedule of Classes for Fall 2019,Run Date:,03/21/2019
Campus: Online Campus   Location: Online Campus,Run Time:,14:08:57
Regular Academic Session
College of Arts and Sciences - Computer Science - Subject: Computer Science

____________________________________________________________________________________________________________________________________________________________,Subject,Catalog Nbr,Section,Class Nbr,Course Title,Component,Units,Topics
COMP, 347,002,6277,Intro Computer Security,Lecture,3,,
,,,,,,(Online)
Bldg:,TBA,Room:,TBA,Days:,TBA,Time:,TBA,Instructor:,"Schmitz,Corby"
Class Enrl Cap:,25,Class Enrl Tot:,0,Class Wait Cap:,0,Class Wait Tot:,0,Class Min Enrl:,0
Room Characteristics:,Classroom Not Needed(1)
Combined Section ID:,1899(COMP 347-002 / COMP 447-002), -,COMP 447(#6279)

"This is an online class.  The classroom session will be broadcast live on Friday evenings via AdobeConnect, allowing online student interaction.  Sessions"
will also be recorded and made available.  Students may participate synchronously or asynchronously at their discretion.



Combined with COMP 447-002.
____________________________________________________________________________________________________________________________________________________________,
COMP, 364,001,6280,High Performance Computing,Lecture,3,,
,,,,,,(Online)
Bldg:,TBA,Room:,TBA,Days:,W,Time:,07:00PM-09:30,Instructor:,"Stone,Christopher"
Class Enrl Cap:,35,Class Enrl Tot:,0,Class Wait Cap:,0,Class Wait Tot:,0,Class Min Enrl:,0
Room Characteristics:,Classroom Not Needed(1)
Combined Section ID:,1900(COMP 364-001 / COMP 464-001), -,COMP 464(#6281)

"This is an online, synchronous class.  Synchronous meeting time: Wednesday, 7:00 pm - 9:30 pm.
"


Combined with COMP 464-001.
____________________________________________________________________________________________________________________________________________________________,
COMP, 390,01E,3302,Broadening Particip STEM,Lecture,1 - 3,,
,,,,,,(Online)
Bldg:,TBA,Room:,TBA,Days:,TBA,Time:,TBA,Instructor:,"Greenberg,Ronald I"
Class Enrl Cap:,35,Class Enrl Tot:,0,Class Wait Cap:,0,Class Wait Tot:,0,Class Min Enrl:,0
Attributes:,Engaged Learning
Room Characteristics:,Classroom Not Needed(1)
,,,,
"Broadening Participation in STEM (Computing, Mathematics, and Science).
"


"This class is online and fully asynchronous, but students must complete service learning activities in-person at a site of their choosing to be approved by"
the instructor in accord with the course design.  To complete the full course (incorporating at least 25 hours of service and other requirements) in one
"semester, register for 3 credits; to spread over two semesters, register for 1 or 2 credits in the first semester (requiring 6 or 14 service hours in the"
"first semester, respectively).
"


This class satisfies the Engaged Learning requirement in the Service Learning category.
____________________________________________________________________________________________________________________________________________________________,
,,,,,,,,
Report ID:  SR201,Loyola University Chicago,Page No.,27,of,33
Schedule of Classes for Fall 2019,Run Date:,03/21/2019
Campus: Online Campus   Location: Online Campus,Run Time:,14:08:57
Regular Academic Session
College of Arts and Sciences - Computer Science - Subject: Computer Science

____________________________________________________________________________________________________________________________________________________________,Subject,Catalog Nbr,Section,Class Nbr,Course Title,Component,Units,Topics
COMP, 391,02E,4329,Internship in CS,Field Studies,1 - 6,,
,,,,,,(Online)
Bldg:,TBA,Room:,TBA,Days:,TBA,Time:,TBA,Instructor:,"Yacobellis,Robert"
,,,,,,,,,"Greenberg,Ronald I"
Class Enrl Cap:,20,Class Enrl Tot:,0,Class Wait Cap:,0,Class Wait Tot:,0,Class Min Enrl:,0
Attributes:,Engaged Learning
Room Characteristics:,Classroom Not Needed(1)
,,,,
"This is an online class.  This class satisfies the Engaged Learning requirement in the Internship category.  Department Consent is required, and then a"
Computer Science Department staff member will enroll you.
____________________________________________________________________________________________________________________________________________________________,
COMP, 443,002,6264,Computer Networks,Lecture,3,,
,,,,,,(Online)
Bldg:,TBA,Room:,TBA,Days:,TBA,Time:,TBA,Instructor:,"Dordal,Peter L"
Class Enrl Cap:,25,Class Enrl Tot:,0,Class Wait Cap:,0,Class Wait Tot:,0,Class Min Enrl:,0
Room Characteristics:,Classroom Not Needed(1)
Combined Section ID:,1888(COMP 443-002 / COMP 343-002), -,COMP 343(#6262)

This is an online class that includes synchronous and asynchronous interaction among students and Instructor.  Synchronous discussion sessions will be held
"Mondays and Tuesdays at 2:30 pm, and may vary in length from 30 minutes to one hour.  Participation in synchronous sessions is strongly recommended.
"


Combined with COMP 343-002.
____________________________________________________________________________________________________________________________________________________________,
COMP, 447,002,6279,Intrusion Detection,Lecture,3,,
,,,,,,(Online)
Bldg:,TBA,Room:,TBA,Days:,TBA,Time:,TBA,Instructor:,"Schmitz,Corby"
Class Enrl Cap:,25,Class Enrl Tot:,0,Class Wait Cap:,0,Class Wait Tot:,0,Class Min Enrl:,0
Room Characteristics:,Classroom Not Needed(1)
Combined Section ID:,1899(COMP 347-002 / COMP 447-002), -,COMP 347(#6277)

"This is an online class.  The classroom session will be broadcast live on Friday evenings via AdobeConnect, allowing online student interaction.  Sessions"
will also be recorded and made available.  Students may participate synchronously or asynchronously at their discretion.



Combined with COMP 347-002.
____________________________________________________________________________________________________________________________________________________________,
,,,,,,,,
Report ID:  SR201,Loyola University Chicago,Page No.,28,of,33
Schedule of Classes for Fall 2019,Run Date:,03/21/2019
Campus: Online Campus   Location: Online Campus,Run Time:,14:08:57
Regular Academic Session
College of Arts and Sciences - Computer Science - Subject: Computer Science

____________________________________________________________________________________________________________________________________________________________,Subject,Catalog Nbr,Section,Class Nbr,Course Title,Component,Units,Topics
COMP, 464,001,6281,High-Performance Computing,Lecture,3,,
,,,,,,(Online)
Bldg:,TBA,Room:,TBA,Days:,W,Time:,07:00PM-09:30,Instructor:,"Stone,Christopher"
Class Enrl Cap:,35,Class Enrl Tot:,0,Class Wait Cap:,0,Class Wait Tot:,0,Class Min Enrl:,0
Room Characteristics:,Classroom Not Needed(1)
Combined Section ID:,1900(COMP 364-001 / COMP 464-001), -,COMP 364(#6280)

"This is an online, synchronous class.  Synchronous meeting time: Wednesday, 7:00 pm - 9:30 pm.
"


Combined with COMP 364-001.
____________________________________________________________________________________________________________________________________________________________,
COMP, 488,340,6188,Top:,Lecture,3,Comp Forensics Investigations,
,,,,,,(Online)
Bldg:,TBA,Room:,TBA,Days:,W,Time:,07:00PM-09:30,Instructor:,"Yarrish,Thomas"
Class Enrl Cap:,35,Class Enrl Tot:,0,Class Wait Cap:,0,Class Wait Tot:,0,Class Min Enrl:,0
Room Characteristics:,Classroom Not Needed(1)
Combined Section ID:,1985(COMP 488-340/COMP 340-001), -,COMP 340(#6219)

Computer Forensics



"This is an online, synchronous class.  Synchronous meeting time:  Wednesdays, 7:00 pm - 9:30 pm.
"


Combined with COMP 340-001.



Prerequisite: (COMP 150 or COMP 170 or COMP/MATH 215) and (COMP 264 or COMP 317 or COMP 343)



"The course introduces the fundamentals of computer/network/internet forensics, analysis and investigations.
"


____________________________________________________________________________________________________________________________________________________________,
COMP, 499,002,4330,Internship,Independent Study,1 - 6,,
,,,,,,(Online)
Bldg:,TBA,Room:,TBA,Days:,TBA,Time:,TBA,Instructor:,"Harrington,Andrew N"
,,,,,,,,,"Naiman,Channah"
Class Enrl Cap:,20,Class Enrl Tot:,0,Class Wait Cap:,0,Class Wait Tot:,0,Class Min Enrl:,0
Room Characteristics:,Classroom Not Needed(1)
,,,,
"This is an online class.  This course involves an internship experience.  Department Consent required, and then a Computer Science Department staff member"
will enroll you.
____________________________________________________________________________________________________________________________________________________________,
,,,,,,,,
Report ID:  SR201,Loyola University Chicago,Page No.,29,of,33
Schedule of Classes for Fall 2019,Run Date:,03/21/2019
Campus: Online Campus   Location: Online Campus,Run Time:,14:08:57
Eight Week - First
College of Arts and Sciences - Computer Science - Subject: Computer Science

____________________________________________________________________________________________________________________________________________________________,Subject,Catalog Nbr,Section,Class Nbr,Course Title,Component,Units,Topics
COMP, 170,700N,4980,Intro Obj-Oriented Prog,Lecture,3,,
,,,,,,(Online)
Bldg:,Online,Room:,,Days:,Tu,Time:,06:00PM-09:00,Instructor:,"Das,Udayan"
Class Enrl Cap:,25,Class Enrl Tot:,0,Class Wait Cap:,0,Class Wait Tot:,0,Class Min Enrl:,0
Attributes:,Bioinformatics
Class Equivalents:,COMP170/ISOM/INFS370
Room Characteristics:,Classroom Not Needed(1)
,,,,
COMP 170-700N is reserved for students in the School of Continuing & Professional Studies. Non-SCPS students can request permission to enroll. For more
information go to http://www.luc.edu/adult-education/admission/nonscps-enrollment/
COMP 170-700N is an online section. Required synchronous sessions will be held Tuesdays 6-9PM CST.
____________________________________________________________________________________________________________________________________________________________,
,,,,,,,,
Report ID:  SR201,Loyola University Chicago,Page No.,30,of,33
Schedule of Classes for Fall 2019,Run Date:,03/21/2019
Campus: Online Campus   Location: Online Campus,Run Time:,14:08:57
Eight Week - Second
College of Arts and Sciences - Computer Science - Subject: Computer Science

____________________________________________________________________________________________________________________________________________________________,Subject,Catalog Nbr,Section,Class Nbr,Course Title,Component,Units,Topics
COMP, 251,700N,5035,Intro to Database Systems,Lecture,3,,
,,,,,,(Online)
Bldg:,Online,Room:,,Days:,Tu,Time:,06:00PM-09:00,Instructor:,"Das,Udayan"
Class Enrl Cap:,25,Class Enrl Tot:,0,Class Wait Cap:,0,Class Wait Tot:,0,Class Min Enrl:,0
Class Equivalents:,COMP 251 / COMP 368
Room Characteristics:,Classroom Not Needed(1)
,,,,
COMP 251-700N is reserved for students in the School of Continuing & Professional Studies. For more information go to
http://www.luc.edu/adult-education/admission/nonscps-enrollment/
COMP 251-700N is an online section. Required synchronous sessions will be held Tuesdays 6-9PM CST
____________________________________________________________________________________________________________________________________________________________,
COMP, 271,700N,5334,Data Structs and Apps,Lecture,3,,
,,,,,,(Online)
Bldg:,Online,Room:,,Days:,Th,Time:,06:00PM-09:00,Instructor:,"Das,Udayan"
Bldg:,Online,Room:,,Days:,F,Time:,06:00PM-09:00,Instructor:,"Das,Udayan"
Class Enrl Cap:,25,Class Enrl Tot:,0,Class Wait Cap:,0,Class Wait Tot:,0,Class Min Enrl:,0
Attributes:,Bioinformatics
Room Characteristics:,Classroom Not Needed(1)
,,,,
COMP 271-700N is reserved for students in the School of Continuing & Professional Studies. Non-SCPS students can request permission to enroll. For more
information go to http://www.luc.edu/adult-education/admission/nonscps-enrollment/
COMP 271-700N is an online section. Required synchronous sessions will be held Thursdays 6-9PM CST and one session Friday 11/22 for holiday make-up class.
____________________________________________________________________________________________________________________________________________________________,
,,,,,,,,
Report ID:  SR201,Loyola University Chicago,Page No.,31,of,33
Schedule of Classes for Fall 2019,Run Date:,03/21/2019
Campus: Water Tower Campus   Location: Water Tower Campus,Run Time:,14:08:57
Regular Academic Session
College of Arts and Sciences - Computer Science - Subject: Computer Science

____________________________________________________________________________________________________________________________________________________________,Subject,Catalog Nbr,Section,Class Nbr,Course Title,Component,Units,Topics
COMP, 317,001,2943,SocialLegal&EthicIssuComp,Lecture,3,,
,,,,,,(In person)
Bldg:,Corboy Law Center,Room:,L09,Days:,M,Time:,04:15PM-06:45,Instructor:,"Dordal,Peter L"
Class Enrl Cap:,35,Class Enrl Tot:,0,Class Wait Cap:,0,Class Wait Tot:,0,Class Min Enrl:,0
Attributes:,Sociolegal Studies
Room Characteristics:,Electronic Classroom(1)
,,,,
This course is restricted to undergraduate students.  Graduate students wishing to enroll in a section of this course should contact their departmental
graduate advisor.
____________________________________________________________________________________________________________________________________________________________,
COMP, 324,001,6266,Client-Side Web Development,Lecture,3,,
,,,,,,(In person)
Bldg:,Corboy Law Center,Room:,0105,Days:,Tu,Time:,07:00PM-09:30,Instructor:,"Hayward,Nicholas J"
Class Enrl Cap:,35,Class Enrl Tot:,0,Class Wait Cap:,0,Class Wait Tot:,0,Class Min Enrl:,0
Room Characteristics:,Electronic Classroom(1)
Combined Section ID:,1889(COMP 424-001 / COMP 324-001), -,COMP 424(#6269)

Combined with COMP 424-001.
____________________________________________________________________________________________________________________________________________________________,
COMP, 333,001,6314,Web Services Programming,Lecture,3,,
,,,,,,(In person)
Bldg:,Corboy Law Center,Room:,0208,Days:,M,Time:,07:00PM-09:30,Instructor:,"Zewdie,Berhane"
Class Enrl Cap:,35,Class Enrl Tot:,0,Class Wait Cap:,0,Class Wait Tot:,0,Class Min Enrl:,0
Room Characteristics:,Electronic Classroom(1)
Combined Section ID:,1909(COMP 433-001/COMP 333-001), -,COMP 433(#6315)

Combined with COMP 433-001.
____________________________________________________________________________________________________________________________________________________________,
COMP, 336,001,6267,Markup Languages,Lecture,3,,
,,,,,,(In person)
Bldg:,Corboy Law Center,Room:,0602,Days:,W,Time:,04:15PM-06:45,Instructor:,"Hayward,Nicholas J"
Class Enrl Cap:,35,Class Enrl Tot:,0,Class Wait Cap:,0,Class Wait Tot:,0,Class Min Enrl:,0
Room Characteristics:,Electronic Classroom(1)
Combined Section ID:,1890(COMP 336-001/ COMP 436-001), -,COMP 436(#6270)
,,,,,,
Combined with COMP 436-001.
____________________________________________________________________________________________________________________________________________________________,
,,,,,,,,
Report ID:  SR201,Loyola University Chicago,Page No.,32,of,33
Schedule of Classes for Fall 2019,Run Date:,03/21/2019
Campus: Water Tower Campus   Location: Water Tower Campus,Run Time:,14:08:57
Regular Academic Session
College of Arts and Sciences - Computer Science - Subject: Computer Science

____________________________________________________________________________________________________________________________________________________________,Subject,Catalog Nbr,Section,Class Nbr,Course Title,Component,Units,Topics
COMP, 343,001,6261,Intro to Computer Network,Lecture,3,,
,,,,,,(In person)
Bldg:,School of Communicat,Room:,013,Days:,Tu,Time:,04:15PM-06:45,Instructor:,"Dordal,Peter L"
Class Enrl Cap:,30,Class Enrl Tot:,0,Class Wait Cap:,0,Class Wait Tot:,0,Class Min Enrl:,0
Room Characteristics:,Electronic Classroom(1)
Combined Section ID:,1887(COMP 443-001/ COMP 343-001), -,COMP 443(#6263)
,,,,,,
Combined with COMP 443-001.
____________________________________________________________________________________________________________________________________________________________,
COMP, 424,001,6269,Client-Side Web Design,Lecture,3,,
,,,,,,(In person)
Bldg:,Corboy Law Center,Room:,0105,Days:,Tu,Time:,07:00PM-09:30,Instructor:,"Hayward,Nicholas J"
Class Enrl Cap:,35,Class Enrl Tot:,0,Class Wait Cap:,0,Class Wait Tot:,0,Class Min Enrl:,0
Room Characteristics:,Electronic Classroom(1)
Combined Section ID:,1889(COMP 424-001 / COMP 324-001), -,COMP 324(#6266)

Combined with COMP 324-001.
____________________________________________________________________________________________________________________________________________________________,
COMP, 433,001,6315,Web Services Programming,Lecture,3,,
,,,,,,(In person)
Bldg:,Corboy Law Center,Room:,0208,Days:,M,Time:,07:00PM-09:30,Instructor:,"Zewdie,Berhane"
Class Enrl Cap:,35,Class Enrl Tot:,0,Class Wait Cap:,0,Class Wait Tot:,0,Class Min Enrl:,0
Room Characteristics:,Electronic Classroom(1)
Combined Section ID:,1909(COMP 433-001/COMP 333-001), -,COMP 333(#6314)

Combined with COMP 333-001.
____________________________________________________________________________________________________________________________________________________________,
COMP, 436,001,6270,Markup Languages,Lecture,3,,
,,,,,,(In person)
Bldg:,Corboy Law Center,Room:,0602,Days:,W,Time:,04:15PM-06:45,Instructor:,"Hayward,Nicholas J"
Class Enrl Cap:,35,Class Enrl Tot:,0,Class Wait Cap:,0,Class Wait Tot:,0,Class Min Enrl:,0
Room Characteristics:,Electronic Classroom(1)
Combined Section ID:,1890(COMP 336-001/ COMP 436-001), -,COMP 336(#6267)
,,,,,,
Combined with COMP 336-001.
____________________________________________________________________________________________________________________________________________________________,
,,,,,,,,
Report ID:  SR201,Loyola University Chicago,Page No.,33,of,33
Schedule of Classes for Fall 2019,Run Date:,03/21/2019
Campus: Water Tower Campus   Location: Water Tower Campus,Run Time:,14:08:57
Regular Academic Session
College of Arts and Sciences - Computer Science - Subject: Computer Science

____________________________________________________________________________________________________________________________________________________________,Subject,Catalog Nbr,Section,Class Nbr,Course Title,Component,Units,Topics
COMP, 443,001,6263,Computer Networks,Lecture,3,,
,,,,,,(In person)
Bldg:,School of Communicat,Room:,013,Days:,Tu,Time:,04:15PM-06:45,Instructor:,"Dordal,Peter L"
Class Enrl Cap:,30,Class Enrl Tot:,0,Class Wait Cap:,0,Class Wait Tot:,0,Class Min Enrl:,0
Room Characteristics:,Electronic Classroom(1)
Combined Section ID:,1887(COMP 443-001/ COMP 343-001), -,COMP 343(#6261)
,,,,,,
Combined with COMP 343-001.
____________________________________________________________________________________________________________________________________________________________,
,,,,,,,,
